Dataset,number cross validation,Learning Rate,Number convolutions,N,Accuracy score,FPR,TPR,pecision score,Recall score,Auc score,Pr auc score,Training_time (seconds),Inference_time (seconds)
horses_or_humans,0,0.003708348,0,7,0.469387755,0.530416667,0.469583333,0.469583333,0.469583333,0.471354167,0.502427622,12.08748031,0.028576136
horses_or_humans,1,1.21E-06,1,2,0.519607843,0.485769231,0.514230769,0.520363236,0.514230769,0.55,0.552772608,18.07969093,0.030674934
horses_or_humans,2,0.000291782,1,4,0.59,0.410364146,0.589635854,0.58974359,0.589635854,0.612244898,0.600882322,17.16468501,0.031560421
horses_or_humans,3,1.44E-06,0,2,0.539215686,0.469580285,0.530419715,0.538127413,0.530419715,0.467847516,0.480287203,12.92888618,0.02877593
horses_or_humans,4,0.00020631,1,3,0.598039216,0.401424721,0.598575279,0.598461538,0.598575279,0.57335387,0.543191726,17.39490318,0.029885054
horses_or_humans,5,0.005744746,1,7,0.520408163,0.481666667,0.518333333,0.519122121,0.518333333,0.575416667,0.58011513,16.77071619,0.029992819
horses_or_humans,6,0.000392825,0,2,0.490196078,0.510769231,0.489230769,0.489130435,0.489230769,0.528076923,0.533177151,13.07532883,0.027295351
horses_or_humans,7,0.000321167,3,8,0.458333333,0.539130435,0.460869565,0.46031746,0.460869565,0.413478261,0.455982057,26.49146962,0.032988787
horses_or_humans,8,3.13E-06,1,8,0.520833333,0.493913043,0.506086957,0.512195122,0.506086957,0.550869565,0.556643014,16.7525537,0.031662464
horses_or_humans,9,3.46E-05,3,2,0.490196078,0.512307692,0.487692308,0.486842105,0.487692308,0.450384615,0.472597912,27.89369202,0.035351515
mnist,0,2.28E-05,0,4,0.055,0.105302778,0.056089681,0.055339105,0.056089681,0.510469634,0.102838239,24.57894492,0.038576365
mnist,1,1.03E-06,0,2,0.09,0.101798441,0.08607497,0.066874456,0.08607497,0.507376991,0.110663767,26.35260034,0.040108681
mnist,2,2.33E-06,0,7,0.12244898,0.098373245,0.116800697,0.0994131,0.116800697,0.525351561,0.135827505,24.11741924,0.045570374
mnist,3,4.13E-05,3,8,0.13,0.096788975,0.126551161,0.121801398,0.126551161,0.505555858,0.123825275,52.29090357,0.05177927
mnist,4,2.20E-05,2,5,0.11,0.099029114,0.108333333,0.10371783,0.108333333,0.482212679,0.116606758,43.10533547,0.051720619
mnist,5,0.000253285,2,6,0.116161616,0.098246955,0.11414787,0.114050482,0.11414787,0.506665558,0.112210506,42.59171152,0.06434226
mnist,6,1.01E-06,1,5,0.105,0.100053228,0.099264069,0.080647377,0.099264069,0.492819464,0.115639271,33.50832701,0.041022539
mnist,7,3.34E-05,3,5,0.095,0.100670973,0.094256429,0.106624154,0.094256429,0.513169895,0.108026425,52.47735453,0.048341751
mnist,8,1.01E-06,3,2,0.125,0.098016275,0.116095674,0.098970672,0.116095674,0.512343784,0.11895236,55.34800482,0.050443888
mnist,9,1.36E-05,2,4,0.105,0.099650587,0.103592269,0.118561985,0.103592269,0.526312262,0.115057483,43.93126631,0.046023846
stl10,0,0.002945659,0,2,0.37,0.069990947,0.363419534,0.35918254,0.363419534,0.805306111,0.382703433,41.1955502,0.063940525
stl10,1,0.007302998,0,8,0.43,0.063379465,0.425945166,0.440411343,0.425945166,0.819634897,0.444376993,38.61759162,0.051706314
stl10,2,0.006583912,0,2,0.41,0.065543119,0.405061138,0.407775566,0.405061138,0.820963793,0.432154335,41.31560254,0.050728559
stl10,3,0.009013821,0,8,0.475,0.058388801,0.47134427,0.483473573,0.47134427,0.85910936,0.515679282,38.63652754,0.066030979
stl10,4,0.00315209,0,8,0.46,0.060095245,0.457447786,0.480829362,0.457447786,0.831511986,0.454042676,38.62077069,0.062167168
stl10,5,6.73E-05,3,8,0.39,0.067805349,0.387518417,0.380948204,0.387518417,0.825678365,0.391465489,84.79400992,0.081554174
stl10,6,0.007824775,0,8,0.44,0.062256015,0.435878332,0.447633305,0.435878332,0.833726451,0.47312658,39.25772619,0.062390804
stl10,7,2.92E-05,3,8,0.46,0.060011893,0.452887902,0.453110532,0.452887902,0.83831566,0.456305114,84.8684628,0.082000256
stl10,8,0.012083278,0,8,0.47,0.058894604,0.463171186,0.476184946,0.463171186,0.843224844,0.484126624,38.6102066,0.062625408
stl10,9,0.005427462,0,8,0.44,0.062175959,0.435336827,0.436251012,0.435336827,0.846068636,0.463738874,38.69689989,0.063768864
plant_village,0,0.000001,3,4,0.11,0.026308411,0.026315789,0.002953813,0.026315789,-1,-1,52.50103164,0.048218012
plant_village,1,0.000001,0,2,0.085,0.026839759,0.021428571,0.004209048,0.021428571,-1,-1,25.58772302,0.037526608
plant_village,2,0.000001,0,2,0.11,0.026243548,0.026674641,0.005001139,0.026674641,-1,-1,25.70903683,0.035892487
plant_village,3,4.40E-06,0,8,0.09,0.02688423,0.021650718,0.004784689,0.021650718,-1,-1,23.01814127,0.034533739
plant_village,4,4.23E-06,0,2,0.085,0.026940731,0.020720362,0.00476917,0.020720362,-1,-1,25.5378015,0.038707972
plant_village,5,1.88E-06,3,4,0.11,0.026294435,0.026555024,0.006353722,0.026555024,-1,-1,52.49908996,0.050509691
plant_village,6,1.67E-06,3,2,0.085,0.027001651,0.020643415,0.009850082,0.020643415,-1,-1,53.96413183,0.050004005
plant_village,7,1.00E-06,1,2,0.085,0.026968879,0.020813397,0.004759502,0.020813397,0.544811383,0.052086005,35.15946245,0.040798903
plant_village,8,2.43E-06,3,3,0.075757576,0.027292902,0.018062201,0.003418369,0.018062201,0.553388693,0.037217474,52.42832637,0.049115181
plant_village,9,2.93E-06,0,8,0.1,0.026504698,0.024760766,0.005231177,0.024760766,0.503343827,0.031875841,23.03895617,0.035912037
cats_vs_dogs,0,3.36E-06,3,3,0.52020202,0.491006643,0.508993357,0.512987013,0.508993357,0.460909555,0.484158417,51.9779737,0.049037933
cats_vs_dogs,1,1.06E-06,2,6,0.47979798,0.533929484,0.466070516,0.4375,0.466070516,0.485232499,0.500455353,41.89017558,0.04432416
cats_vs_dogs,2,1.02E-06,0,2,0.49,0.521233974,0.478766026,0.469114219,0.478766026,0.461889022,0.489572113,25.27206206,0.036894321
cats_vs_dogs,3,1.01E-06,3,5,0.54,0.474759615,0.525240385,0.555702918,0.525240385,0.510717147,0.517857637,50.98935342,0.052564144
cats_vs_dogs,4,1.00E-06,3,4,0.495,0.521634615,0.478365385,0.430568949,0.478365385,0.447315705,0.455564375,51.57780004,0.048670769
cats_vs_dogs,5,1.02E-06,1,8,0.535,0.483573718,0.516426282,0.621391562,0.516426282,0.471454327,0.498587727,32.16793847,0.042879343
cats_vs_dogs,6,0.00001,1,4,0.535,0.478365385,0.521634615,0.539194339,0.521634615,0.5078125,0.501917803,33.10616589,0.042270184
cats_vs_dogs,7,1.00E-06,1,7,0.494897959,0.511041667,0.488958333,0.48332022,0.488958333,0.509375,0.498974961,32.1719923,0.056456089
cats_vs_dogs,8,1.01E-06,3,4,0.51,0.506766917,0.493233083,0.487751769,0.493233083,0.486115288,0.480630816,52.18130326,0.062277555
cats_vs_dogs,9,1.00E-06,2,7,0.5,0.527591973,0.472408027,0.358064516,0.472408027,0.477686037,0.457310971,41.43078852,0.044124842
beans,0,8.74E-05,0,3,0.382352941,0.308102345,0.382142857,0.385570229,0.382142857,0.572154851,0.410963794,12.77476168,0.035239458
beans,1,1.02E-06,0,5,0.39,0.304218657,0.392156863,0.398629149,0.392156863,0.535822378,0.358286439,12.29595256,0.027895689
beans,2,1.49E-06,0,6,0.31372549,0.345486851,0.307440476,0.281547619,0.307440476,0.542226368,0.371971207,12.20269203,0.026909828
beans,3,1.04E-06,3,5,0.3,0.348633393,0.301470588,0.290127279,0.301470588,0.498709522,0.374564674,27.2453239,0.033062696
beans,4,0.010296338,0,6,0.284313725,0.357843137,0.284313725,0.286497757,0.284313725,0.41839677,0.283074469,12.13402367,0.028886318
beans,5,1.40E-06,1,8,0.354166667,0.322916667,0.354166667,0.348585114,0.354166667,0.53108724,0.343480939,17.24032259,0.029777527
beans,6,0.008892456,1,5,0.3,0.35026738,0.300857843,0.300356506,0.300857843,0.487475862,0.318713597,17.11724472,0.030555487
beans,7,0.000960006,2,7,0.255102041,0.372571873,0.254734848,0.253889373,0.254734848,0.469245338,0.329879995,21.8353622,0.036461115
beans,8,1.01E-06,2,7,0.357142857,0.321997516,0.355328341,0.374712385,0.355328341,0.536635936,0.355599053,21.84409904,0.032086611
beans,9,0.000001,3,7,0.306122449,0.345687646,0.309343434,0.205586943,0.309343434,0.415202506,0.291679359,26.73697233,0.032952309
mnist_corrupted,0,0.00001,1,4,0.085,0.102646978,0.077136864,0.046696424,0.077136864,0.528920948,0.114103898,6.302748919,0.021714449
mnist_corrupted,1,2.15E-05,3,6,0.095959596,0.101381732,0.085807453,0.062853535,0.085807453,0.526620532,0.104344902,8.067585468,0.022258282
mnist_corrupted,2,4.95E-06,3,3,0.111111111,0.10013811,0.10063147,0.100757576,0.10063147,0.517525942,0.112874651,9.553534269,0.022773743
mnist_corrupted,3,3.48E-05,0,8,0.12,0.098334964,0.114834369,0.085949106,0.114834369,0.504489221,0.113956738,4.393607616,0.021784782
mnist_corrupted,4,0.000114375,0,8,0.1,0.10033214,0.095411255,0.077371961,0.095411255,0.494188693,0.109000853,4.224766493,0.027323723
mnist_corrupted,5,1.65E-05,3,8,0.115,0.098940919,0.109675325,0.104887031,0.109675325,0.503366888,0.105866767,8.103244543,0.02276659
mnist_corrupted,6,3.16E-05,0,3,0.121212121,0.097921882,0.118195489,0.093732583,0.118195489,0.504807001,0.109547481,5.545722246,0.020726204
mnist_corrupted,7,3.16E-06,3,2,0.08,0.103366874,0.07252588,0.051815356,0.07252588,0.434883532,0.08818307,11.6792469,0.025137663
mnist_corrupted,8,6.24E-06,3,3,0.151515152,0.09511911,0.142186147,0.149113297,0.142186147,0.523299199,0.132541064,9.65647769,0.024558306
mnist_corrupted,9,5.74E-05,2,7,0.096938776,0.100431383,0.093566017,0.123893324,0.093566017,0.472651842,0.10088391,6.769761562,0.020770788
binary_alpha_digits,0,3.13E-06,0,8,0.029411765,0.027769867,0.027777778,0.000992063,0.027777778,0.478054796,0.042193297,2.102296591,0.019658089
binary_alpha_digits,1,0.000861304,3,8,0.029411765,0.027714583,0.032407407,0.018353175,0.032407407,0.523098458,0.051453336,3.393398285,0.020237923
binary_alpha_digits,2,6.41E-06,3,3,0.021276596,0.027779247,0.027777778,0.00059952,0.027777778,0.52675946,0.061415673,5.374225378,0.01900053
binary_alpha_digits,3,0.035867112,1,8,0.029411765,0.027777778,0.027777778,0.000816993,0.027777778,0.5,0.513888889,2.870708466,0.02261591
binary_alpha_digits,4,1.25E-06,2,4,0.035714286,0.027546694,0.034722222,0.004105788,0.034722222,0.533842675,0.059995699,4.107897282,0.020649433
binary_alpha_digits,5,1.70E-06,1,6,0.02173913,0.027786991,0.027777778,0.000631313,0.027777778,0.511699284,0.038807358,2.905018568,0.021726131
binary_alpha_digits,6,1.00E-06,0,6,0.028985507,0.0277701,0.027777778,0.002314815,0.027777778,0.514644506,0.030888817,2.41527462,0.018829823
binary_alpha_digits,7,3.13E-06,1,6,0.043478261,0.027360113,0.041666667,0.006568462,0.041666667,0.520433903,0.05446259,2.801769257,0.019435406
binary_alpha_digits,8,1.30E-06,2,4,0.014285714,0.028105768,0.016203704,0.001544402,0.016203704,0.461763998,0.03178057,4.142224073,0.030146599
binary_alpha_digits,9,0.002802179,1,8,0.022058824,0.027940843,0.020833333,0.036419753,0.020833333,0.465174894,0.039491042,2.49684453,0.019078016
citrus_leaves,0,0.000001,2,2,0.333333333,0.25,0.25,0.083333333,0.25,0.517698432,0.312779368,13.37485719,0.026984692
citrus_leaves,1,2.65E-06,2,5,0.35,0.247018485,0.255602241,0.161051213,0.255602241,0.544729362,0.285765451,12.82739592,0.025869608
citrus_leaves,2,1.36E-05,0,8,0.303571429,0.253373819,0.241013072,0.210504549,0.241013072,0.538552499,0.272623518,7.197769403,0.027580738
citrus_leaves,3,2.48E-06,1,4,0.366666667,0.242993441,0.264705882,0.215517241,0.264705882,0.544632736,0.280837018,10.24273348,0.02464366
citrus_leaves,4,1.37E-05,0,8,0.285714286,0.262202381,0.224553571,0.256203008,0.224553571,0.532565547,0.272642873,7.170516253,0.02228713
citrus_leaves,5,0.000001,0,7,0.339285714,0.243083671,0.265522876,0.206730769,0.265522876,0.565622959,0.298743915,7.284135818,0.024809122
citrus_leaves,6,5.39E-06,0,8,0.339285714,0.24847973,0.252467105,0.149038462,0.252467105,0.561421335,0.31507795,7.250638723,0.02282548
citrus_leaves,7,1.16E-05,3,5,0.345454545,0.245192308,0.259868421,0.166208791,0.259868421,0.465450236,0.227735984,15.7406075,0.025585413
citrus_leaves,8,3.75E-06,2,6,0.351851852,0.242117117,0.267156863,0.194444444,0.267156863,0.575158452,0.288568205,13.00921559,0.025547504
citrus_leaves,9,3.81E-05,3,8,0.375,0.230105809,0.294582043,0.280357143,0.294582043,0.580770209,0.313491331,15.61272097,0.027199745
rock_paper_scissors,0,3.78E-06,1,4,0.305,0.347278758,0.305109923,0.306372549,0.305109923,0.464576072,0.318199362,33.16846299,0.041075945
rock_paper_scissors,1,0.003018195,0,6,0.348484848,0.325390399,0.350226244,0.345546559,0.350226244,0.509387439,0.337662946,22.98531914,0.036156416
rock_paper_scissors,2,6.09E-06,1,4,0.32,0.341059852,0.318181818,0.313494761,0.318181818,0.487420296,0.347703066,33.00733018,0.04052639
rock_paper_scissors,3,0.000212881,3,3,0.328282828,0.336120778,0.327796913,0.328565453,0.327796913,0.45571229,0.312684385,51.85283041,0.047560692
rock_paper_scissors,4,0.004541094,3,6,0.328282828,0.333333333,0.333333333,0.109427609,0.333333333,0.5,0.666666667,50.66666412,0.049628019
rock_paper_scissors,5,0.001656458,0,3,0.267676768,0.366639994,0.266469846,0.264771874,0.266469846,0.445369726,0.308053762,24.11606407,0.041093111
rock_paper_scissors,6,0.00177677,0,5,0.385,0.307628524,0.384878194,0.385013769,0.384878194,0.560499087,0.39761397,23.35364151,0.038372278
rock_paper_scissors,7,0.004054444,0,5,0.34,0.330280416,0.339423648,0.339490077,0.339423648,0.482531638,0.320203126,23.30178499,0.050955772
rock_paper_scissors,8,3.16E-05,3,2,0.325,0.337466801,0.325041459,0.325724638,0.325041459,0.47940379,0.325958458,53.30590534,0.049525976
rock_paper_scissors,9,0.00001,1,4,0.33,0.334960536,0.330242726,0.321937322,0.330242726,0.484997829,0.320114258,33.14564347,0.043032169
cmaterdb,0,0.003387869,0,6,0.949799197,0.005578866,0.949877551,0.95057537,0.949877551,0.998382633,0.989311423,12.11116409,0.025930882
cmaterdb,1,0.000614588,3,2,0.956,0.004888889,0.956,0.95656619,0.956,0.999115556,0.99287606,31.7003324,0.035531521
cmaterdb,2,0.001524558,3,8,0.983870968,0.001791214,0.983836735,0.983991897,0.983836735,0.99982243,0.998428481,24.50887561,0.032146454
cmaterdb,3,0.002053058,3,8,0.975806452,0.002688077,0.975753401,0.976059108,0.975753401,0.999655359,0.997223479,24.58043766,0.031877756
cmaterdb,4,0.00148916,3,2,0.974,0.002888889,0.974,0.974212211,0.974,0.998508889,0.988328669,31.65927577,0.03353405
cmaterdb,5,0.001649409,3,2,0.948,0.005777778,0.948,0.949456408,0.948,0.994215556,0.974425548,31.4359982,0.033359766
cmaterdb,6,0.001034716,3,3,0.969879518,0.003346723,0.97,0.970985146,0.97,0.998102517,0.989312758,28.10446501,0.032681465
cmaterdb,7,0.00170018,2,2,0.97,0.003333333,0.97,0.971688537,0.97,0.998482222,0.986713543,28.09277773,0.038384438
cmaterdb,8,0.001736041,3,8,0.971774194,0.003137007,0.971714286,0.971959682,0.971714286,0.998470522,0.995349982,24.47340894,0.031904221
cmaterdb,9,0.00239149,1,4,0.966,0.003777778,0.966,0.96653356,0.966,0.998531111,0.989625312,18.1660583,0.032597542
cifar10,0,0.000289894,1,5,0.6145,0.042828022,0.613673103,0.61306861,0.613673103,0.926150362,0.670623046,44.23527288,0.164176464
cifar10,1,0.000161085,3,2,0.6345,0.040607673,0.633097939,0.63828908,0.633097939,0.927744395,0.679169851,122.3433912,0.08380723
cifar10,2,0.000250389,3,8,0.5995,0.04450302,0.598181193,0.599157562,0.598181193,0.921415581,0.654098226,61.65676856,0.083949804
cifar10,3,0.000190162,3,5,0.602,0.044213609,0.600985771,0.601798727,0.600985771,0.914864065,0.63193188,62.59671068,0.194984674
cifar10,4,0.000254697,0,2,0.6045,0.043940617,0.603798056,0.600711597,0.603798056,0.921985002,0.655671,80.25219464,0.062073946
cifar10,5,0.000300354,3,8,0.588,0.045762475,0.587323098,0.591596672,0.587323098,0.916429304,0.638015127,60.93631935,0.055035114
cifar10,6,0.00011863,3,2,0.6315,0.040940275,0.630536882,0.630338328,0.630536882,0.926673169,0.679306683,127.0417972,0.072223663
cifar10,7,0.000402193,3,8,0.619,0.042331329,0.617769736,0.616353868,0.617769736,0.921775954,0.657080429,61.30135989,0.054846287
cifar10,8,0.000282807,3,8,0.5995,0.044497734,0.598279597,0.59794647,0.598279597,0.918057448,0.634062906,61.6594522,0.048894644
cifar10,9,0.000146184,3,2,0.589,0.045661516,0.588167628,0.591902389,0.588167628,0.91405141,0.622402885,127.045644,0.077467918
uc_merced,0,5.56E-06,1,4,0.067307692,0.04662079,0.067195767,0.064038172,0.067195767,0.541404594,0.067838494,34.45945978,0.049680233
uc_merced,1,8.31E-05,1,3,0.071428571,0.046428571,0.071428571,0.070677867,0.071428571,0.486928571,0.054189175,35.11959672,0.049747467
uc_merced,2,0.006654628,3,2,0.038095238,0.048095238,0.038095238,0.0411149,0.038095238,0.463309524,0.047403126,56.3795619,0.058135271
uc_merced,3,1.02E-06,0,6,0.071428571,0.046428571,0.071428571,0.100328075,0.071428571,0.524785714,0.055777498,24.23983979,0.04058814
uc_merced,4,3.77E-06,3,5,0.052380952,0.047380952,0.052380952,0.048179634,0.052380952,0.524047619,0.074314708,53.78729844,0.0505445
uc_merced,5,2.74E-05,3,8,0.033653846,0.048318795,0.033333333,0.03707771,0.033333333,0.51305167,0.060315017,53.3500464,0.049143553
uc_merced,6,1.51E-05,0,3,0.047619048,0.047619048,0.047619048,0.079305139,0.047619048,0.493047619,0.061539319,25.3635056,0.042342663
uc_merced,7,3.34E-05,0,8,0.043269231,0.04784988,0.043386243,0.032345749,0.043386243,0.517525579,0.055730916,23.88507676,0.037243843
uc_merced,8,1.01E-06,2,2,0.052380952,0.047380952,0.052380952,0.054882134,0.052380952,0.529380952,0.060067627,46.65811205,0.047723293
uc_merced,9,1.24E-05,2,3,0.057142857,0.047142857,0.057142857,0.059542045,0.057142857,0.493761905,0.051823074,44.95706749,0.046230793
svhn_cropped,0,0.000885531,3,8,0.8575,0.016010789,0.844791287,0.850973678,0.844791287,0.983877463,0.916813335,93.770648,0.064857483
svhn_cropped,1,0.001135607,3,8,0.8565,0.01610905,0.85180045,0.84997586,0.85180045,0.982095021,0.915150065,94.08351374,0.043236971
svhn_cropped,2,0.001203996,3,8,0.8485,0.017040573,0.83713063,0.842153894,0.83713063,0.982145305,0.915019146,93.61528134,0.046753645
svhn_cropped,3,0.000479812,3,2,0.867,0.014946261,0.855312464,0.859307725,0.855312464,0.983315023,0.915654877,128.7501628,0.066545963
svhn_cropped,4,0.000508527,3,2,0.8545,0.016366096,0.838114905,0.847732643,0.838114905,0.982502976,0.91162273,131.2903819,0.054750919
svhn_cropped,5,0.001337468,3,8,0.8575,0.015945333,0.850151666,0.848623242,0.850151666,0.983965409,0.91800217,94.12663174,0.051214695
svhn_cropped,6,0.001087164,3,8,0.865,0.015150192,0.856372915,0.858610907,0.856372915,0.985117718,0.922857969,93.47075009,0.042456627
svhn_cropped,7,0.001041292,3,8,0.856,0.016069583,0.8449757,0.845332117,0.8449757,0.979548769,0.910956004,94.38740063,0.044382334
svhn_cropped,8,0.001057144,3,8,0.855,0.015529384,0.852121364,0.843352674,0.839134407,0.984122714,0.915556867,94.42653177,0.043531314
svhn_cropped,9,0.001039985,3,8,0.862,0.016145345,0.851945336,0.453746594,0.84402035,0.979992846,0.919394701,94.3972312,0.044102313
dmlab,0,1.77E-06,2,4,0.24,0.162192766,0.172837715,0.065979236,0.172243255,0.481364955,0.178897211,34.00027253,0.033552501
dmlab,1,0.000002,3,8,0.2134,0.168888338,0.162234615,0.065388265,0.160239854,0.48488923,0.172753947,33.28172437,0.036001132
dmlab,2,1.10E-06,3,4,0.237493,0.164385625,0.174759641,0.093000486,0.174026441,0.530327096,0.204887215,28.37251,0.040002735
dmlab,3,0.000001,2,3,0.2111,0.168992375,0.154125426,0.051238562,0.157021325,0.496102747,0.172394799,33.38645632,0.048567363
dmlab,4,1.08E-06,2,5,0.205,0.168823122,0.161358462,0.071008359,0.161983745,0.477892626,0.177996344,33.38364451,0.047523734
dmlab,5,1.21E-06,0,3,0.225,0.169926522,0.156098405,0.067783229,0.156820374,0.539019234,0.179997254,14.37458637,0.026367455
dmlab,6,1.01E-06,3,4,0.212,0.164526598,0.168732006,0.037986405,0.167001163,0.443645922,0.158834279,30.08864525,0.037235647
dmlab,7,0.000001,0,5,0.2234,0.162846017,0.166791247,0.05634204,0.168023144,0.493727645,0.165630945,14.00357403,0.028646473
dmlab,8,2.34E-06,3,8,0.203,0.16789706,0.160284926,0.036386247,0.159889365,0.509384676,0.178926456,31.98374624,0.039867859
dmlab,9,0.000001,3,3,0.233,0.167778939,0.164108243,0.057000327,0.164028935,0.48539075,0.16444573,31.13572776,0.036788896
food101,0,3.00E-06,3,8,0.014,0.009798236,0.014783256,0.003578654,0.014886437,0.493198887,0.021864315,32.29328645,0.039745434
food101,1,5.55E-06,3,8,0.0066,0.009979833,0.004966713,0.009776764,0.004906376,0.493198887,0.021864315,31.17345888,0.033462212
food101,2,7.00E-06,3,5,0.033,0.009997253,0.015517351,0.004559752,0.014877682,0.505328783,0.020529199,15.23064813,0.029735529
food101,3,1.10E-06,0,3,0.02,0.009999328,0.014456878,0.000655763,0.013945443,0.495745398,0.015334431,30.05555693,0.033753
food101,4,1.67E-06,2,8,0.0313,0.009798638,0.02008735,0.005567465,0.020093585,0.490652376,0.028394199,23.3725344,0.030003534
food101,5,1.67E-06,2,7,0.01499449,0.009836547,0.012983635,0.000898785,0.010736824,0.506634829,0.027783552,18.12674561,0.031073579
food101,6,3.55E-06,1,4,0.0111,0.009902896,0.010374507,0.000326747,0.006782357,0.493354677,0.022127368,30.78543464,0.032436445
food101,7,4.81E-06,1,4,0.012322,0.009929864,0.008368748,0.000566875,0.008753125,0.499590347,0.021419276,32.23534586,0.033675353
food101,8,1.50E-06,3,4,0.0099,0.009957864,0.008557635,0.002568757,0.008087343,0.497558057,0.023837394,25.00961113,0.0289632
food101,9,5.02E-06,0,5,0.0225,0.009982361,0.013387545,0.001079532,0.016668927,0.52334406,0.032230573,12.53284933,0.030999725
deep_weeds,0,5.23E-06,3,8,0.533334571,0.112237544,0.100376244,0.058968545,0.124658524,0.544687458,0.134096487,25.44589081,0.033378454
deep_weeds,1,2.23E-06,3,8,0.534540408,0.2543678,0.092364571,0.057857457,0.100246677,0.487977575,0.119998954,23.45923652,0.033896346
deep_weeds,2,0.000002,2,7,0.5499744,0.10062745,0.098765467,0.063764765,0.118753285,0.440872441,0.103978685,34.00745354,0.035690659
deep_weeds,3,5.43E-05,2,7,0.479835286,0.1103245,0.09668754,0.0589824,0.095006325,0.455983247,0.098936574,29.93475342,0.03509686
deep_weeds,4,0.000001,2,7,0.539623498,0.09873845,0.121398574,0.059996427,0.096546535,0.529076985,0.110974543,30.02343481,0.032896574
deep_weeds,5,0.024351789,3,4,0.057253496,0.14234745,0.1856465,0.006862473,0.999626374,0.510092735,0.479073453,20.04893264,0.030775521
deep_weeds,6,0.00002,2,4,0.5376,0.09996432,0.1289654,0.059976474,0.88425374,0.51409624,0.134753225,23.2287422,0.029076346
deep_weeds,7,1.14E-05,1,4,0.458732452,0.100273645,0.107654323,0.169976534,0.13389654,0.460964951,0.127777424,38.92374004,0.033888454
deep_weeds,8,5.03E-06,1,7,0.52643449,0.13275432,0.111079655,0.056873223,0.128643459,0.511198657,0.157254168,19.22276618,0.028997623
deep_weeds,9,1.88E-06,1,7,0.548745473,0.092972345,0.1896547,0.058888642,0.1112785,0.512198653,0.122784333,20.00034271,0.027864424
eurosat,0,0.000278651,2,4,0.658,0.037777489,0.655557667,0.624475324,0.620032747,0.93076555,0.680032342,23.49972047,0.029761914
eurosat,1,0.000122291,3,4,0.64,0.035709635,0.639869485,0.645554553,0.629926345,0.919765423,0.645553276,25.60084656,0.020362399
eurosat,2,0.000278544,3,5,0.68,0.035983578,0.639906586,0.677894254,0.648864237,0.930074332,0.692287466,23.00943623,0.021080823
eurosat,3,0.000111118,2,4,0.663,0.039889437,0.639068424,0.635578524,0.61097464,0.916623565,0.665582395,27.32976548,0.029011703
eurosat,4,0.000198751,2,2,0.75,0.034000032,0.660023467,0.665823981,0.688364119,0.932286418,0.680072354,20.00823649,0.029003826
eurosat,5,0.000233587,2,2,0.62,0.03699964,0.650018357,0.658423541,0.648825342,0.919876563,0.61008766,20.09735301,0.029999449
eurosat,6,0.000478688,3,4,0.63,0.039007353,0.618884264,0.623306845,0.614409866,0.889763255,0.633097654,21.99732459,0.033008658
eurosat,7,0.00024665,2,8,0.74,0.02777343,0.721123757,0.730004237,0.720732636,0.942278355,0.740007237,21.17834633,0.030076522
eurosat,8,0.000197652,3,5,0.635,0.039555,0.677455432,0.656629835,0.659876542,0.929998652,0.680485111,23.70008733,0.033182687
eurosat,9,0.000558342,2,4,0.66,0.039932645,0.628888925,0.640004856,0.633865256,0.930745757,0.679998524,20.08235315,0.030011832
svhn_cropped,0,0.000885531,3,8,0.8575,0.016010789,0.844791287,0.850973678,0.844791287,0.983877463,0.916813335,93.770648,0.064857483
svhn_cropped,1,0.001135607,3,8,0.8565,0.01610905,0.85180045,0.84997586,0.85180045,0.982095021,0.915150065,94.08351374,0.043236971
svhn_cropped,2,0.001203996,3,8,0.8485,0.017040573,0.83713063,0.842153894,0.83713063,0.982145305,0.915019146,93.61528134,0.046753645
svhn_cropped,3,0.000479812,3,2,0.867,0.014946261,0.855312464,0.859307725,0.855312464,0.983315023,0.915654877,128.7501628,0.066545963
svhn_cropped,4,0.000508527,3,2,0.8545,0.016366096,0.838114905,0.847732643,0.838114905,0.982502976,0.91162273,131.2903819,0.054750919
svhn_cropped,5,0.001337468,3,8,0.8575,0.015945333,0.850151666,0.848623242,0.850151666,0.983965409,0.91800217,94.12663174,0.051214695
svhn_cropped,6,0.001087164,3,8,0.865,0.015150192,0.856372915,0.858610907,0.856372915,0.985117718,0.922857969,93.47075009,0.042456627
svhn_cropped,7,0.001041292,3,8,0.856,0.016069583,0.8449757,0.845332117,0.8449757,0.979548769,0.910956004,94.38740063,0.044382334
svhn_cropped,8,0.000882451,3,8,0.865,0.015721703,0.847403797,0.851971512,0.855668135,0.997352764,0.9108837,94.00800023,0.042074824
svhn_cropped,9,0.001064228,3,8,0.866,0.01564716,0.846189749,0.866863276,0.864325213,0.978882935,0.92043726,93.91742354,0.410723453
kmnist,0,1.03148E-06,1,5,0.0845,0.101761498,0.084080502,0.082819114,0.084080502,0.488539952,0.096356688,49.59090662,0.157735825
kmnist,1,2.01692E-05,1,8,0.09,0.101151657,0.089603283,0.085656629,0.089603283,0.513525672,0.102997439,47.93050885,0.049724579
kmnist,2,4.76855E-05,0,5,0.104,0.099571065,0.103921186,0.102651602,0.103921186,0.501373379,0.102880942,37.4945941,0.106972456
kmnist,3,0.002318072,1,5,0.1005,0.099958568,0.100239063,0.099940626,0.100239063,0.511685026,0.102701863,49.73636246,0.111041069
kmnist,4,1.26129E-06,0,5,0.1015,0.099863653,0.10097846,0.099312434,0.10097846,0.50714265,0.103809888,37.16766524,0.101147652
kmnist,5,4.26808E-06,3,2,0.096,0.100481623,0.095743543,0.09700347,0.095743543,0.505022145,0.101257151,104.6211462,0.060245514
kmnist,6,1.00526E-06,2,2,0.0995,0.100090074,0.099065828,0.096519269,0.099065828,0.502036155,0.101512286,93.56442714,0.047869205
kmnist,7,0.003233658,3,4,0.0865,0.101498874,0.086563878,0.086759718,0.086563878,0.498777331,0.099060627,82.44563723,0.045161963
kmnist,8,0.00001,1,4,0.099,0.100147607,0.098821557,0.099537629,0.098821557,0.502182693,0.102081817,56.64408183,0.04227519
kmnist,9,0.005637151,2,4,0.98,0.201646481,0.185385435,0.186297347,0.185385435,1.000960024,0.201142444,139.0897191,0.087437153
tf_flowers,0,1.68E-06,2,7,0.245,0.211026212,0.19555,0.0565,0.19700032,0.446951812,0.193735847,34.67338979,0.061552574
tf_flowers,1,5.39E-06,2,8,0.234693878,0.20976324,0.190469325,0.109327945,0.191073976,0.49682556,0.204276555,35.23432625,0.045716536
tf_flowers,2,1.28E-06,3,8,0.24,0.22887652,0.190932748,0.049681753,0.191087465,0.491597327,0.202621687,35.38579947,0.054313729
tf_flowers,3,0.000001,3,2,0.25,0.193876632,0.197038659,0.091895848,0.198876327,0.493117733,0.199057687,27.37007689,0.060235769
tf_flowers,4,1.46E-06,3,7,0.25,0.211113906,0.19892385,0.12008746,0.198946235,0.466299813,0.187378952,34.91301096,0.047603841
tf_flowers,5,0.000002,2,7,0.260204082,0.199936514,0.210009,0.250878645,0.2001725,0.499983476,0.224459552,28.20882743,0.043319409
tf_flowers,6,0.02399126,3,7,0.205,0.2002974,0.1897635,0.042278,0.20526,0.501568882,0.592925809,34.93109306,0.053155905
tf_flowers,7,0.000001,2,7,0.239795918,0.200986153,0.19007364,0.04967825,0.18991267,0.499321044,0.205350773,35.298904,0.048799291
tf_flowers,8,1.36E-06,2,2,0.25,0.190003654,0.200012735,0.147003765,0.210006784,0.462305971,0.204914372,35.22796962,0.04749583
tf_flowers,9,0.000002,3,7,0.244897959,0.198973275,0.211001,0.049009724,0.199003,0.516150905,0.211556119,32.79109286,0.046034438
